<?xml version="1.0" encoding="UTF-8"?>
<GenRun Id="synth_1" LaunchPart="xc7a35tcpg236-1" LaunchTime="1596748058">
  <File Type="PA-TCL" Name="mips.tcl"/>
  <File Type="RDS-PROPCONSTRS" Name="mips_drc_synth.rpt"/>
  <File Type="RDS-RDS" Name="mips.vds"/>
  <File Type="RDS-UTIL" Name="mips_utilization_synth.rpt"/>
  <File Type="RDS-UTIL-PB" Name="mips_utilization_synth.pb"/>
  <File Type="RDS-DCP" Name="mips.dcp"/>
  <File Type="VDS-TIMINGSUMMARY" Name="mips_timing_summary_synth.rpt"/>
  <File Type="VDS-TIMING-PB" Name="mips_timing_summary_synth.pb"/>
  <FileSet Name="sources" Type="DesignSrcs" RelSrcDir="$PSRCDIR/sources_1">
    <Filter Type="Srcs"/>
    <File Path="$PSRCDIR/sources_1/new/program_memory.vhd">
      <FileInfo>
        <Attr Name="ImportPath" Val="$PPRDIR/../../../../../../../../Downloads/coursework2/coursework2.srcs/sources_1/new/program_memory.vhd"/>
        <Attr Name="ImportTime" Val="1595260104"/>
        <Attr Name="UsedIn" Val="synthesis"/>
        <Attr Name="UsedIn" Val="simulation"/>
      </FileInfo>
    </File>
    <File Path="$PSRCDIR/sources_1/new/data_memory.vhd">
      <FileInfo>
        <Attr Name="ImportPath" Val="$PPRDIR/../../../../../../../../Downloads/coursework2/coursework2.srcs/sources_1/new/data_memory.vhd"/>
        <Attr Name="ImportTime" Val="1595262274"/>
        <Attr Name="UsedIn" Val="synthesis"/>
        <Attr Name="UsedIn" Val="simulation"/>
      </FileInfo>
    </File>
    <File Path="$PSRCDIR/sources_1/new/control_unit.vhd">
      <FileInfo>
        <Attr Name="ImportPath" Val="$PPRDIR/../../../../../../../../Downloads/coursework2/coursework2.srcs/sources_1/new/control_unit.vhd"/>
        <Attr Name="ImportTime" Val="1595253499"/>
        <Attr Name="UsedIn" Val="synthesis"/>
        <Attr Name="UsedIn" Val="simulation"/>
      </FileInfo>
    </File>
    <File Path="$PSRCDIR/sources_1/new/ALu.vhd">
      <FileInfo>
        <Attr Name="ImportPath" Val="$PPRDIR/../../../../../../../../Downloads/coursework2/coursework2.srcs/sources_1/new/ALu.vhd"/>
        <Attr Name="ImportTime" Val="1595257906"/>
        <Attr Name="UsedIn" Val="synthesis"/>
        <Attr Name="UsedIn" Val="simulation"/>
      </FileInfo>
    </File>
    <File Path="$PSRCDIR/sources_1/new/mips.vhd">
      <FileInfo>
        <Attr Name="ImportPath" Val="$PPRDIR/../../../../../../../../Downloads/coursework2/coursework2.srcs/sources_1/new/mips.vhd"/>
        <Attr Name="ImportTime" Val="1595262274"/>
        <Attr Name="UsedIn" Val="synthesis"/>
        <Attr Name="UsedIn" Val="simulation"/>
      </FileInfo>
    </File>
    <File Path="$PSRCDIR/sources_1/new/branches.vhd">
      <FileInfo>
        <Attr Name="UserDisabled" Val="1"/>
        <Attr Name="ImportPath" Val="$PPRDIR/../../../../../../../../Downloads/c3/c3.srcs/sources_1/new/branches.vhd"/>
        <Attr Name="ImportTime" Val="1595422763"/>
        <Attr Name="UsedIn" Val="synthesis"/>
        <Attr Name="UsedIn" Val="simulation"/>
      </FileInfo>
    </File>
    <File Path="$PSRCDIR/sources_1/new/pc_counter.vhd">
      <FileInfo>
        <Attr Name="UserDisabled" Val="1"/>
        <Attr Name="ImportPath" Val="$PPRDIR/../../../../../../../../Downloads/c3/c3.srcs/sources_1/new/pc_counter.vhd"/>
        <Attr Name="ImportTime" Val="1595425117"/>
        <Attr Name="UsedIn" Val="synthesis"/>
        <Attr Name="UsedIn" Val="simulation"/>
      </FileInfo>
    </File>
    <Config>
      <Option Name="DesignMode" Val="RTL"/>
      <Option Name="TopModule" Val="mips"/>
      <Option Name="TopAutoSet" Val="TRUE"/>
    </Config>
  </FileSet>
  <FileSet Name="constrs_in" Type="Constrs" RelSrcDir="$PSRCDIR/constrs_1">
    <Filter Type="Constrs"/>
    <Config>
      <Option Name="ConstrsType" Val="XDC"/>
    </Config>
  </FileSet>
  <Strategy Version="1" Minor="2">
    <StratHandle Name="Vivado Synthesis Defaults" Flow="Vivado Synthesis 2016"/>
    <Step Id="synth_design"/>
  </Strategy>
</GenRun>
