<?xml version="1.0" encoding="UTF-8" ?>
<document>
<!--The data in this file is primarily intended for consumption by Xilinx tools.
The structure and the elements are likely to change over the next few releases.
This means code written to parse this file will need to be revisited each subsequent release.-->
<application name="pa" timeStamp="Fri Aug 07 17:55:44 2020">
<section name="Project Information" visible="false">
<property name="ProjectID" value="8654bf70ffc84363a65cf2449be3f6af" type="ProjectID"/>
<property name="ProjectIteration" value="1" type="ProjectIteration"/>
</section>
<section name="PlanAhead Usage" visible="true">
<item name="Project Data">
<property name="SrcSetCount" value="1" type="SrcSetCount"/>
<property name="ConstraintSetCount" value="1" type="ConstraintSetCount"/>
<property name="DesignMode" value="RTL" type="DesignMode"/>
<property name="SynthesisStrategy" value="Vivado Synthesis Defaults" type="SynthesisStrategy"/>
<property name="ImplStrategy" value="Vivado Implementation Defaults" type="ImplStrategy"/>
</item>
<item name="Java Command Handlers">
<property name="AddSources" value="12" type="JavaHandler"/>
<property name="CloseProject" value="7" type="JavaHandler"/>
<property name="CoreView" value="1" type="JavaHandler"/>
<property name="EditDelete" value="3" type="JavaHandler"/>
<property name="EditPaste" value="11" type="JavaHandler"/>
<property name="EditUndo" value="45" type="JavaHandler"/>
<property name="NewProject" value="2" type="JavaHandler"/>
<property name="OpenFile" value="1" type="JavaHandler"/>
<property name="OpenProject" value="4" type="JavaHandler"/>
<property name="ProjectSettingsCmdHandler" value="12" type="JavaHandler"/>
<property name="RunSynthesis" value="642" type="JavaHandler"/>
<property name="SaveFileProxyHandler" value="1" type="JavaHandler"/>
<property name="SaveProjectAs" value="3" type="JavaHandler"/>
<property name="SetSourceEnabled" value="2" type="JavaHandler"/>
<property name="ShowView" value="6" type="JavaHandler"/>
<property name="SimulationClose" value="194" type="JavaHandler"/>
<property name="SimulationRun" value="243" type="JavaHandler"/>
<property name="SimulationRunAll" value="2" type="JavaHandler"/>
<property name="SimulationRunForTime" value="34" type="JavaHandler"/>
<property name="UnselectAllCmdHandler" value="2" type="JavaHandler"/>
<property name="ViewTaskRTLAnalysis" value="1" type="JavaHandler"/>
</item>
<item name="Gui Resources Info">
<property name="CANCEL, Cancel" value="1" type="GuiResourceData"/>
<property name="PAResourceCommand.PACommandNames_AUTO_UPDATE_HIER, Hierarchy Update" value="3" type="GuiResourceData"/>
<property name="PAResourceCommand.PACommandNames_OPEN_PROJECT, Open Project..." value="1" type="GuiResourceData"/>
<property name="PAResourceCommand.PACommandNames_SIMULATION_LIVE_RUN, simulation_live_run_for_time" value="1" type="GuiResourceData"/>
<property name="PAResourceCommand.PACommandNames_SIMULATION_RUN_BEHAVIORAL, Run Behavioral Simulation" value="1" type="GuiResourceData"/>
<property name="PAResourceEtoH.FileSetPanel_FILE_SET_PANEL_TREE, [root, Design Sources, Disabled Sources], 6, true" value="2" type="GuiResourceData"/>
<property name="PAResourceEtoH.FileSetPanel_FILE_SET_PANEL_TREE, [root, Design Sources, Disabled Sources], 6, true, false, false, false, true, false" value="2" type="GuiResourceData"/>
<property name="PAResourceEtoH.FileSetPanel_FILE_SET_PANEL_TREE, [root, Design Sources, mips - Behavioral (mips.vhd" value="2" type="GuiResourceData"/>
<property name="PAResourceEtoH.FlowNavigatorTreePanel_FLOW_NAVIGATOR_TREE, [, Simulation, Run Simulation], 11, false" value="1" type="GuiResourceData"/>
<property name="PAResourceEtoH.FlowNavigatorTreePanel_FLOW_NAVIGATOR_TREE, [, Simulation, Simulation Settings], 10, false" value="1" type="GuiResourceData"/>
<property name="PAResourceItoN.MainMenuMgr_FILE, File" value="4" type="GuiResourceData"/>
<property name="PAResourceItoN.MainMenuMgr_OPEN_RECENT_PROJECT, Open Recent Project" value="2" type="GuiResourceData"/>
<property name="PAResourceQtoS.SimulationLiveRunForComp_SPECIFY_TIME_AND_UNITS, 9000" value="1" type="GuiResourceData"/>
<property name="PAResourceQtoS.SrcMenu_IP_HIERARCHY, IP Hierarchy" value="3" type="GuiResourceData"/>
<property name="RDIResource.GraphicalView_ZOOM_FIT, Waveform Viewer_zoom_fit" value="1" type="GuiResourceData"/>
<property name="RDIResource.GraphicalView_ZOOM_IN, Waveform Viewer_zoom_in" value="3" type="GuiResourceData"/>
<property name="RDIResource.RDIViews_WAVEFORM_VIEWER, 1, 228" value="1" type="GuiResourceData"/>
<property name="RDIResource.RDIViews_WAVEFORM_VIEWER, 3, 355" value="1" type="GuiResourceData"/>
<property name="RDIResource.RDIViews_WAVEFORM_VIEWER, 448, 1231" value="1" type="GuiResourceData"/>
<property name="RDIResource.RDIViews_WAVEFORM_VIEWER, 7, 238" value="1" type="GuiResourceData"/>
<property name="RDIResource.RDIViews_WAVEFORM_VIEWER, 9, 291" value="1" type="GuiResourceData"/>
<property name="RDIResource.RDIViews_WAVEFORM_VIEWER, Untitled 5" value="1" type="GuiResourceData"/>
<property name="mips.vhd, 782, 182" value="1" type="GuiResourceData"/>
<property name="mips.vhd, 90, 226" value="1" type="GuiResourceData"/>
</item>
<item name="Other">
<property name="GuiMode" value="43" type="GuiMode"/>
<property name="BatchMode" value="0" type="BatchMode"/>
<property name="TclMode" value="32" type="TclMode"/>
</item>
</section>
</application>
</document>
